{"inputUnits":[22],"outputUnits":2,"inputs":{"0":{"dtype":"number","min":-0.6240338145176104,"max":91.24938823558666},"1":{"dtype":"number","min":-3.7235929254899944,"max":81.49010433323433},"2":{"dtype":"number","min":-1.0005505693818626,"max":91.63853689941048},"3":{"dtype":"number","min":-3.945850350006282,"max":82.6413198288886},"4":{"dtype":"number","min":-0.31832075490821404,"max":93.78657603589181},"5":{"dtype":"number","min":-3.907341984977499,"max":84.31724358720388},"6":{"dtype":"number","min":2.626096017179433,"max":96.59885043753982},"7":{"dtype":"number","min":-3.7056564122845086,"max":82.36801861322412},"8":{"dtype":"number","min":-1.8039108484576782,"max":85.43374580249451},"9":{"dtype":"number","min":-4.046212209363197,"max":90.00365097387956},"10":{"dtype":"number","min":7.544285140307093,"max":103.01836285210027},"11":{"dtype":"number","min":6.044324982700757,"max":100.67409400121974},"12":{"dtype":"number","min":-3.495904576708699,"max":80.8937518917329},"13":{"dtype":"number","min":7.804849040903311,"max":100.57107110237284},"14":{"dtype":"number","min":4.733731732730976,"max":102.5975731148822},"15":{"dtype":"number","min":13.06547653837743,"max":101.76601205420539},"16":{"dtype":"number","min":-2.533436193336055,"max":76.12443379259015},"17":{"dtype":"number","min":12.55063957754399,"max":102.44699779309724},"18":{"dtype":"number","min":0.8916674534015022,"max":101.76813040095695},"19":{"dtype":"number","min":4.872048807423018,"max":105.77012446888705},"20":{"dtype":"number","min":-2.4219594736080654,"max":86.28480160213121},"21":{"dtype":"number","min":2.458889163725557,"max":105.55356157685813}},"outputs":{"0":{"dtype":"string","min":0,"max":1,"uniqueValues":["p","o"],"legend":{"p":[1,0],"o":[0,1]}}},"isNormalized":true}