{"inputUnits":[34],"outputUnits":2,"inputs":{"0":{"dtype":"number","min":-16.387773536102117,"max":771.5226641872473},"1":{"dtype":"number","min":83.43723712608828,"max":554.0168989471525},"2":{"dtype":"number","min":-7.660934102465535,"max":758.6160270791305},"3":{"dtype":"number","min":59.426877930847525,"max":535.6383825603284},"4":{"dtype":"number","min":-12.549456100017704,"max":763.0405621221888},"5":{"dtype":"number","min":61.07881334092882,"max":534.1634154319763},"6":{"dtype":"number","min":-4.243098504362051,"max":758.8887883905779},"7":{"dtype":"number","min":82.6524217226352,"max":537.4573460447858},"8":{"dtype":"number","min":-19.47965398866531,"max":757.8565133245368},"9":{"dtype":"number","min":85.3281223285965,"max":537.5236586520547},"10":{"dtype":"number","min":-6.0680435414899865,"max":758.5030180668971},"11":{"dtype":"number","min":175.6539233246742,"max":586.4936402666639},"12":{"dtype":"number","min":-16.97076552095469,"max":754.8720097681236},"13":{"dtype":"number","min":196.40303355211404,"max":580.7140107043306},"14":{"dtype":"number","min":-12.804128970319068,"max":754.1080458819517},"15":{"dtype":"number","min":235.43242822613632,"max":652.775355946948},"16":{"dtype":"number","min":-22.668000550297965,"max":743.9630707802131},"17":{"dtype":"number","min":262.6458441304882,"max":664.1221506553784},"18":{"dtype":"number","min":-11.233927910788017,"max":752.8184328162879},"19":{"dtype":"number","min":95.31704724183557,"max":776.1664362678752},"20":{"dtype":"number","min":-15.96000877737302,"max":762.0237905379624},"21":{"dtype":"number","min":151.81422651859754,"max":759.2616088209097},"22":{"dtype":"number","min":3.4995835426955195,"max":774.4480127479598},"23":{"dtype":"number","min":377.2753003047921,"max":767.4257448542188},"24":{"dtype":"number","min":-7.294371811270016,"max":749.8848555032273},"25":{"dtype":"number","min":378.28172333756385,"max":769.2295570819699},"26":{"dtype":"number","min":56.37074004836947,"max":762.6977120226587},"27":{"dtype":"number","min":424.44423276778554,"max":771.6119052373875},"28":{"dtype":"number","min":15.251567489222477,"max":755.6681158946968},"29":{"dtype":"number","min":424.3658035122163,"max":767.1544677332828},"30":{"dtype":"number","min":65.60912780594407,"max":766.5341388412387},"31":{"dtype":"number","min":462.08128350519996,"max":764.6009810486732},"32":{"dtype":"number","min":13.848067724216751,"max":754.6993473119903},"33":{"dtype":"number","min":462.9842318289461,"max":764.7764222663745}},"outputs":{"0":{"dtype":"string","min":0,"max":1,"uniqueValues":["p","o"],"legend":{"p":[1,0],"o":[0,1]}}},"isNormalized":true}