{"inputUnits":[34],"outputUnits":2,"inputs":{"0":{"dtype":"number","min":114.69628866652997,"max":604.743338467782},"1":{"dtype":"number","min":15.606857879817138,"max":486.01562725870235},"2":{"dtype":"number","min":128.38882451866107,"max":607.7402491579976},"3":{"dtype":"number","min":-16.3486575522618,"max":461.46457655388014},"4":{"dtype":"number","min":87.97298746499402,"max":599.5484869382535},"5":{"dtype":"number","min":-17.352196208217688,"max":464.59475002790754},"6":{"dtype":"number","min":152.95538985938356,"max":631.0791544049804},"7":{"dtype":"number","min":-17.81484815809462,"max":466.4285924525289},"8":{"dtype":"number","min":52.55360666074251,"max":575.6834034334149},"9":{"dtype":"number","min":-20.150407713059096,"max":462.4491762696651},"10":{"dtype":"number","min":196.66740350555955,"max":690.6160848182544},"11":{"dtype":"number","min":99.9726586871677,"max":558.4616382219638},"12":{"dtype":"number","min":33.26117574122914,"max":505.67405544526395},"13":{"dtype":"number","min":170.3688631280821,"max":566.7731866501925},"14":{"dtype":"number","min":223.0670222064905,"max":731.7097403152644},"15":{"dtype":"number","min":220.91354682431583,"max":630.032198645218},"16":{"dtype":"number","min":9.194853710152252,"max":452.112951473883},"17":{"dtype":"number","min":244.67745998449493,"max":698.5889652319122},"18":{"dtype":"number","min":206.6782005349098,"max":706.0679671360039},"19":{"dtype":"number","min":63.22820563065378,"max":776.4318533111037},"20":{"dtype":"number","min":21.779050603944658,"max":423.0098408913752},"21":{"dtype":"number","min":122.84133029960053,"max":769.0485848320856},"22":{"dtype":"number","min":168.89971947809408,"max":668.5919287609078},"23":{"dtype":"number","min":362.0185531370821,"max":771.9621072735703},"24":{"dtype":"number","min":95.28565685651456,"max":507.23100475400514},"25":{"dtype":"number","min":558.2101888823928,"max":772.4735583478248},"26":{"dtype":"number","min":136.70719959582502,"max":661.7181001350893},"27":{"dtype":"number","min":450.4566359938237,"max":775.8095947622556},"28":{"dtype":"number","min":110.89704399220427,"max":509.21079289843465},"29":{"dtype":"number","min":710.0426237485563,"max":772.0641225402119},"30":{"dtype":"number","min":135.48378079955341,"max":672.0573037688496},"31":{"dtype":"number","min":557.0452892989443,"max":771.5318816447119},"32":{"dtype":"number","min":114.0570746876343,"max":519.4820531627588},"33":{"dtype":"number","min":746.2662284137213,"max":767.8470583687052}},"outputs":{"0":{"dtype":"string","min":0,"max":1,"uniqueValues":["next","o"],"legend":{"next":[1,0],"o":[0,1]}}},"isNormalized":true}