{"inputUnits":[22],"outputUnits":2,"inputs":{"0":{"dtype":"number","min":22.07990020339252,"max":77.53945056922718},"1":{"dtype":"number","min":-2.1912253158599078,"max":53.018439327299475},"2":{"dtype":"number","min":23.846136152628105,"max":80.65252977969818},"3":{"dtype":"number","min":0.029034564021038035,"max":48.431362836216856},"4":{"dtype":"number","min":18.543020349729364,"max":75.80673801503916},"5":{"dtype":"number","min":1.1138942041824669,"max":49.21479768920363},"6":{"dtype":"number","min":29.818581791184332,"max":82.19133957087645},"7":{"dtype":"number","min":3.266801146271168,"max":50.78893321299414},"8":{"dtype":"number","min":17.960362452977346,"max":70.92752661156608},"9":{"dtype":"number","min":2.816438605213723,"max":51.605780547590044},"10":{"dtype":"number","min":41.57076551203142,"max":76.76859589812815},"11":{"dtype":"number","min":-3.657278168735913,"max":67.74642639457598},"12":{"dtype":"number","min":14.887805663586592,"max":59.89691630209166},"13":{"dtype":"number","min":-0.5099934211716085,"max":67.90252080437732},"14":{"dtype":"number","min":43.21426280990214,"max":83.63801740531103},"15":{"dtype":"number","min":27.35041456612927,"max":92.92143655334532},"16":{"dtype":"number","min":4.6058729145726724,"max":63.48476186830398},"17":{"dtype":"number","min":21.947339821977227,"max":88.95869784884982},"18":{"dtype":"number","min":30.617385626303985,"max":79.41981207789965},"19":{"dtype":"number","min":38.87675659001222,"max":94.78748025949935},"20":{"dtype":"number","min":6.326417099197938,"max":75.97364830924289},"21":{"dtype":"number","min":33.283569845307404,"max":90.92927778441073}},"outputs":{"0":{"dtype":"string","min":0,"max":1,"uniqueValues":["p","o"],"legend":{"p":[1,0],"o":[0,1]}}},"isNormalized":true}