{"inputUnits":[22],"outputUnits":2,"inputs":{"0":{"dtype":"number","min":20.860312928465607,"max":70.5397974910327},"1":{"dtype":"number","min":36.81677303351389,"max":61.18589804651212},"2":{"dtype":"number","min":23.182439432274293,"max":74.06566974944771},"3":{"dtype":"number","min":33.58579727641323,"max":56.49361352474369},"4":{"dtype":"number","min":17.411130957203763,"max":68.8741086984006},"5":{"dtype":"number","min":33.27940965024119,"max":55.95349466126796},"6":{"dtype":"number","min":28.00241643689994,"max":76.02615291379813},"7":{"dtype":"number","min":33.36553945411251,"max":51.492249431201124},"8":{"dtype":"number","min":15.891289130056578,"max":64.13570770278544},"9":{"dtype":"number","min":34.379583184714434,"max":53.29034927992792},"10":{"dtype":"number","min":38.859499360618074,"max":72.18827369385063},"11":{"dtype":"number","min":47.32418934039437,"max":65.61154761509589},"12":{"dtype":"number","min":22.300890918828355,"max":52.3767208727712},"13":{"dtype":"number","min":46.59551653945655,"max":68.15601854528832},"14":{"dtype":"number","min":37.72244369774534,"max":72.68574047274524},"15":{"dtype":"number","min":57.5984278152793,"max":87.29207297282377},"16":{"dtype":"number","min":18.290772865622593,"max":44.828698137815},"17":{"dtype":"number","min":45.80956100255657,"max":93.96833113991957},"18":{"dtype":"number","min":24.419071428027532,"max":62.98538750839977},"19":{"dtype":"number","min":47.52902538455718,"max":97.81284964340239},"20":{"dtype":"number","min":13.51100650214777,"max":56.461065043250485},"21":{"dtype":"number","min":40.67243289993985,"max":90.84167596657142}},"outputs":{"0":{"dtype":"string","min":0,"max":1,"uniqueValues":["p","o"],"legend":{"p":[1,0],"o":[0,1]}}},"isNormalized":true}