{"inputUnits":[22],"outputUnits":2,"inputs":{"0":{"dtype":"number","min":-1.2759652983607837,"max":72.63648905019778},"1":{"dtype":"number","min":25.97565492923729,"max":53.61523479513722},"2":{"dtype":"number","min":-0.5448827037104854,"max":73.63483315555207},"3":{"dtype":"number","min":22.966055749220224,"max":54.63205229701587},"4":{"dtype":"number","min":-0.8075247498748362,"max":72.59056461252432},"5":{"dtype":"number","min":23.204025748180364,"max":55.9396587617216},"6":{"dtype":"number","min":-0.10524219007287573,"max":78.91712225900987},"7":{"dtype":"number","min":24.296063010455573,"max":62.0746945312381},"8":{"dtype":"number","min":-0.8550408755594294,"max":67.65118658426444},"9":{"dtype":"number","min":23.83242601539656,"max":58.155220154433216},"10":{"dtype":"number","min":5.291678240889461,"max":84.72974490933483},"11":{"dtype":"number","min":34.42628805400335,"max":62.384289857472126},"12":{"dtype":"number","min":-0.33593802888955754,"max":61.563224680939605},"13":{"dtype":"number","min":34.605012813739144,"max":63.54585177252399},"14":{"dtype":"number","min":5.6902185518142065,"max":92.35761727970711},"15":{"dtype":"number","min":26.7626920406349,"max":78.30548537404913},"16":{"dtype":"number","min":-3.814254820230644,"max":56.52655469976206},"17":{"dtype":"number","min":25.001814026116858,"max":73.77417324579248},"18":{"dtype":"number","min":10.544066587154395,"max":97.7325958118104},"19":{"dtype":"number","min":6.30063136883414,"max":97.85604941682276},"20":{"dtype":"number","min":-2.2983935841342857,"max":53.054458547753896},"21":{"dtype":"number","min":1.8461833455641599,"max":92.097806279887}},"outputs":{"0":{"dtype":"string","min":0,"max":1,"uniqueValues":["p","o"],"legend":{"p":[1,0],"o":[0,1]}}},"isNormalized":true}