{"inputUnits":[22],"outputUnits":2,"inputs":{"0":{"dtype":"number","min":25.15054213838038,"max":78.18250012444241},"1":{"dtype":"number","min":4.981950477317527,"max":63.61670047916167},"2":{"dtype":"number","min":27.94512959948757,"max":81.06475437012796},"3":{"dtype":"number","min":-0.5977385225351791,"max":60.256145060875724},"4":{"dtype":"number","min":21.14445247612966,"max":75.84408365959777},"5":{"dtype":"number","min":3.1605307005534624,"max":60.779633996082325},"6":{"dtype":"number","min":30.532175895066285,"max":88.27035719888251},"7":{"dtype":"number","min":-0.7933952190257884,"max":61.575850269250694},"8":{"dtype":"number","min":15.762532129157588,"max":73.09730094775819},"9":{"dtype":"number","min":3.8205193264907327,"max":62.17094917743526},"10":{"dtype":"number","min":32.3770359478034,"max":94.56855558280127},"11":{"dtype":"number","min":8.53862920467384,"max":82.90727756641529},"12":{"dtype":"number","min":12.457058850319994,"max":75.82818313881202},"13":{"dtype":"number","min":8.851451529861658,"max":81.00365917352671},"14":{"dtype":"number","min":24.394130520885682,"max":96.18394918609083},"15":{"dtype":"number","min":14.040461664776123,"max":102.79317785192418},"16":{"dtype":"number","min":15.231177774321496,"max":85.24153599729779},"17":{"dtype":"number","min":14.913879825822558,"max":92.45271255165976},"18":{"dtype":"number","min":19.870817730998432,"max":97.70706262272469},"19":{"dtype":"number","min":10.811000028316505,"max":103.5582191065738},"20":{"dtype":"number","min":8.568304184584589,"max":83.96808313347442},"21":{"dtype":"number","min":7.664061429207784,"max":106.00816009105064}},"outputs":{"0":{"dtype":"string","min":0,"max":1,"uniqueValues":["p","o"],"legend":{"p":[1,0],"o":[0,1]}}},"isNormalized":true}