{"inputUnits":[22],"outputUnits":2,"inputs":{"0":{"dtype":"number","min":-1.4586076866581192,"max":101.53521431816948},"1":{"dtype":"number","min":-2.7733049894634045,"max":93.0235093100029},"2":{"dtype":"number","min":-0.17899015725937037,"max":101.46364766022383},"3":{"dtype":"number","min":-2.759141531604075,"max":82.64713194402802},"4":{"dtype":"number","min":-2.533669871428789,"max":99.87464034766481},"5":{"dtype":"number","min":-4.014277318764848,"max":82.57129513032255},"6":{"dtype":"number","min":3.4305706126415703,"max":101.80585333246005},"7":{"dtype":"number","min":-3.227108217354638,"max":86.12819870545385},"8":{"dtype":"number","min":-3.187188488698145,"max":91.70670332732024},"9":{"dtype":"number","min":-3.2994212695264906,"max":79.0087724057322},"10":{"dtype":"number","min":9.502201772805078,"max":104.25009699592813},"11":{"dtype":"number","min":4.334065881621303,"max":100.31115274447912},"12":{"dtype":"number","min":-2.244083969681351,"max":92.98411493877686},"13":{"dtype":"number","min":4.542797304268701,"max":101.8397202965809},"14":{"dtype":"number","min":10.94225098979868,"max":102.17620764094718},"15":{"dtype":"number","min":6.45154075548198,"max":103.06901281107703},"16":{"dtype":"number","min":-1.9551918520564922,"max":88.12987892716019},"17":{"dtype":"number","min":12.072431971455178,"max":104.58481994985836},"18":{"dtype":"number","min":10.035815991853411,"max":101.10922017757423},"19":{"dtype":"number","min":-1.385018421195404,"max":104.22177528544941},"20":{"dtype":"number","min":0.6875131097685756,"max":97.65333357842577},"21":{"dtype":"number","min":10.129078461645175,"max":105.3104686922962}},"outputs":{"0":{"dtype":"string","min":0,"max":1,"uniqueValues":["p","o"],"legend":{"p":[1,0],"o":[0,1]}}},"isNormalized":true}