{"inputUnits":[22],"outputUnits":2,"inputs":{"0":{"dtype":"number","min":1.414099446049443,"max":64.56326666863573},"1":{"dtype":"number","min":11.888947635598582,"max":36.87200839059394},"2":{"dtype":"number","min":3.8604397987529313,"max":65.35002346392031},"3":{"dtype":"number","min":8.810096316867405,"max":34.910284427174346},"4":{"dtype":"number","min":-1.2516885240640323,"max":63.23592713934171},"5":{"dtype":"number","min":9.020378250360023,"max":34.25614522446898},"6":{"dtype":"number","min":8.07536498844972,"max":68.9740212340104},"7":{"dtype":"number","min":9.541418573312592,"max":39.005421569705234},"8":{"dtype":"number","min":-3.1235678154125543,"max":61.27769105848048},"9":{"dtype":"number","min":10.753853558099758,"max":38.48058689407437},"10":{"dtype":"number","min":14.833930686668113,"max":82.13112479762026},"11":{"dtype":"number","min":20.82235669067264,"max":40.34353631746467},"12":{"dtype":"number","min":-3.408972979986179,"max":64.90120948174311},"13":{"dtype":"number","min":22.122057255713333,"max":41.75720781843099},"14":{"dtype":"number","min":19.546923906947203,"max":92.36784074273955},"15":{"dtype":"number","min":13.673995391667237,"max":68.2401705438863},"16":{"dtype":"number","min":0.3252975192451105,"max":62.62267672295226},"17":{"dtype":"number","min":21.453452528568736,"max":59.5750246364006},"18":{"dtype":"number","min":21.75248575489423,"max":97.43708332612036},"19":{"dtype":"number","min":0.044044137698167944,"max":93.42448957714653},"20":{"dtype":"number","min":-2.6919920774463555,"max":63.8974347774513},"21":{"dtype":"number","min":11.02965096516451,"max":78.31690976029483}},"outputs":{"0":{"dtype":"string","min":0,"max":1,"uniqueValues":["p","o"],"legend":{"p":[1,0],"o":[0,1]}}},"isNormalized":true}