{"inputUnits":[22],"outputUnits":2,"inputs":{"0":{"dtype":"number","min":16.88342819436949,"max":70.39463050648946},"1":{"dtype":"number","min":13.680390493679232,"max":32.68178415577314},"2":{"dtype":"number","min":19.28012189809342,"max":69.81677934672632},"3":{"dtype":"number","min":11.534462848834357,"max":43.130924827174134},"4":{"dtype":"number","min":14.739220788371956,"max":69.76962294030143},"5":{"dtype":"number","min":11.912154826039691,"max":37.9734489188092},"6":{"dtype":"number","min":22.17446172911289,"max":75.8247331801446},"7":{"dtype":"number","min":13.175580376072933,"max":51.93777697825293},"8":{"dtype":"number","min":11.27640610782259,"max":65.84094474654913},"9":{"dtype":"number","min":13.893847623531348,"max":39.71771552548771},"10":{"dtype":"number","min":23.993310965525012,"max":80.66642642253555},"11":{"dtype":"number","min":22.416478430318552,"max":37.07200367780689},"12":{"dtype":"number","min":6.808368643822028,"max":61.8784954208612},"13":{"dtype":"number","min":25.72571794424373,"max":34.417222721999615},"14":{"dtype":"number","min":29.01819091558921,"max":85.68872912817764},"15":{"dtype":"number","min":13.13059399699607,"max":64.03104250426414},"16":{"dtype":"number","min":3.556750810634323,"max":58.71162005567643},"17":{"dtype":"number","min":18.437349494205346,"max":58.43495895058555},"18":{"dtype":"number","min":25.070725872270312,"max":92.49240362156205},"19":{"dtype":"number","min":6.008483187729388,"max":88.59066359016165},"20":{"dtype":"number","min":1.1728376905355768,"max":63.42311063472755},"21":{"dtype":"number","min":7.591363375182271,"max":76.59150266740289}},"outputs":{"0":{"dtype":"string","min":0,"max":1,"uniqueValues":["p","o"],"legend":{"p":[1,0],"o":[0,1]}}},"isNormalized":true}